Date,Time,Ping (ms),Download (Mbit/s),Upload (Mbit/s)
05/12/18,14:47,47.832,2.75,0.73,0
05/12/18,14:47,47.832,2.75,0.73,0
05/12/18,14:47,47.832,2.75,0.73,0
05/12/18,14:47,47.832,2.75,0.73,0
05/12/18,14:47,47.832,2.75,0.73,0
05/12/18,14:47,47.832,2.75,0.73,0
05/12/18,14:48,47.832,2.75,0.73,0
05/12/18,14:48,47.832,2.75,0.73,0
05/12/18,14:48,47.832,2.75,0.73,0
05/12/18,14:48,47.832,2.75,0.73,0
05/12/18,14:48,47.832,2.75,0.73,0
05/12/18,14:48,47.832,2.75,0.73,0
05/12/18,14:48,47.832,2.75,0.73,0
05/12/18,14:48,47.832,2.75,0.73,0
05/12/18,14:53,47.832,2.75,0.73,0
05/12/18,14:53,47.832,2.75,0.73,0
05/12/18,15:01,53.678,2.64,0.76,0
05/12/18,15:25,53.339,2.65,0.75,0
05/12/18,15:26,47.131,2.66,0.79,0
05/12/18,15:49,47.449,2.66,0.76,0
05/12/18,15:50,46.284,2.64,0.78,0
05/12/18,15:58,54.65,2.65,0.75,0
05/12/18,16:01,48.358,2.62,0.76,0
05/12/18,16:04,48.553,2.48,0.50,0
05/12/18,16:13,45.818,2.60,0.76,0
05/12/18,16:15,48.001,2.64,0.77,0
05/12/18,16:15,45.79,2.64,0.76,0
05/12/18,16:16,47.053,2.27,0.76,0
05/12/18,16:25,46.589,2.65,0.76,0
05/12/18,16:29,54.614,2.65,0.77,0
05/12/18,16:30,46.379,2.26,0.58,0
05/12/18,16:40,48.719,2.66,0.77,0
05/12/18,16:50,46.212,2.65,0.76,0
05/12/18,17:00,54.524,2.19,0.76,0
05/12/18,17:10,46.635,2.64,0.76,0
05/12/18,17:20,46.9,2.64,0.76,0
05/12/18,17:30,55.784,2.65,0.74,0
05/12/18,17:40,47.777,2.65,0.74,0
05/12/18,17:50,46.921,2.64,0.75,0
05/12/18,18:00,69.794,2.04,0.78,0
05/12/18,18:10,46.064,2.66,0.78,0
05/12/18,18:20,46.192,2.69,0.78,0
05/12/18,18:30,46.44,2.63,0.77,0
05/12/18,18:40,49.262,0.60,0.76,0
05/12/18,18:50,48.919,0.51,0.76,0
05/12/18,19:00,87.721,0.48,0.78,0
05/12/18,19:30,91.619,0.60,0.69,0
05/12/18,20:00,91.923,0.52,0.75,0
05/12/18,20:30,88.871,0.49,0.78,0
05/12/18,21:00,38.921,2.75,1.08,0
05/12/18,21:30,47.044,2.25,1.06,0
05/12/18,22:00,44.939,2.22,1.08,0
05/12/18,22:30,46.411,2.12,1.06,0
05/12/18,23:00,83.984,2.50,1.14,0
05/12/18,23:30,39.35,2.51,1.08,0
05/13/18,00:00,75.701,2.43,1.06,0
05/13/18,00:30,45.104,2.51,1.07,0
05/13/18,01:00,84.475,2.49,1.05,0
05/13/18,01:30,39.127,2.54,1.06,0
05/13/18,02:00,58.41,2.11,1.08,0
05/13/18,02:30,40.307,2.54,1.10,0
05/13/18,03:00,80.809,2.53,1.12,0
05/13/18,03:30,40.66,2.54,1.11,0
05/13/18,04:00,39.82,2.17,1.10,0
05/13/18,04:30,43.264,2.48,1.07,0
05/13/18,05:00,83.779,2.51,1.13,0
05/13/18,05:30,39.565,2.54,1.07,0
05/13/18,06:00,80.655,2.41,1.06,0
05/13/18,06:30,39.144,2.54,1.08,0
05/13/18,07:00,48.19,2.40,1.06,0
05/13/18,07:30,58.215,2.53,1.05,0
05/13/18,08:00,45.95,1.86,1.08,0
05/13/18,08:30,48.596,0.39,1.06,0
05/13/18,09:00,247.061,1.83,0.97,0
05/13/18,09:30,225.104,1.77,1.01,0
05/13/18,10:00,238.375,1.31,0.99,0
05/13/18,10:30,41.197,2.47,1.08,0
05/17/18,18:22,56.529,2.81,0.78,0
05/17/18,18:30,46.467,2.75,0.78,0
05/17/18,19:00,165.239,2.25,0.72,0
05/17/18,19:30,45.878,2.77,0.79,0
05/17/18,20:00,67.43,1.56,0.69,0
05/17/18,20:30,47.146,2.79,0.75,0
05/17/18,21:00,61.163,2.46,0.79,0
05/17/18,21:30,190.792,2.20,0.77,0
05/17/18,21:59,45.94,2.77,0.78,69.3
05/17/18,22:00,94.578,2.74,0.80,68.8
05/17/18,22:06,46.251,2.78,0.80,69.8
05/17/18,22:30,55.792,2.44,0.77,68.8
05/17/18,23:00,87.655,2.66,0.83,68.8
05/17/18,23:30,53.376,2.76,0.81,69.8
05/18/18,00:00,92.17,2.74,0.87,69.3
05/18/18,00:30,45.572,2.79,0.76,68.8
05/18/18,01:00,46.201,2.36,0.79,69.8
05/18/18,01:30,54.148,2.81,0.78,68.8
05/18/18,02:00,88.694,2.79,0.85,69.3
05/18/18,02:30,83.11,2.72,0.78,69.3
05/18/18,03:00,46.295,1.86,0.73,69.3
05/18/18,03:30,45.878,2.78,0.79,69.8
05/18/18,04:00,84.785,2.73,0.83,69.8
05/18/18,04:30,45.966,2.68,0.78,69.8
05/18/18,05:00,92.038,2.78,0.76,69.8
05/18/18,05:30,46.036,2.74,0.77,69.8
05/18/18,06:00,87.587,2.41,0.77,69.8
05/18/18,06:30,45.945,2.77,0.77,69.3
05/18/18,07:00,93.873,2.32,0.79,68.8
05/18/18,07:30,52.745,2.71,0.80,69.3
05/18/18,08:00,127.326,2.42,0.74,69.8
05/18/18,08:30,46.299,2.79,0.78,70.9
05/18/18,09:00,84.413,2.67,0.79,69.8
05/18/18,09:30,124.528,0.70,0.83,68.8
05/18/18,10:00,91.805,0.73,0.78,70.9
05/18/18,10:30,90.517,0.68,0.78,69.3
05/18/18,11:00,90.586,0.73,0.79,70.4
05/18/18,11:30,46.336,2.78,0.77,69.8
05/18/18,12:00,91.689,2.73,0.76,69.8
05/18/18,12:30,45.858,2.81,0.76,70.4
05/18/18,13:00,52.644,1.89,0.80,69.3
05/18/18,13:30,52.392,2.80,0.78,68.8
05/18/18,14:00,85.233,2.11,0.80,70.9
05/18/18,14:30,45.56,2.77,0.77,70.4
05/18/18,15:00,82.641,2.32,0.80,70.9
05/18/18,15:30,88.774,2.52,0.77,68.8
05/18/18,16:00,84.856,2.76,0.87,69.8
05/18/18,16:30,46.726,2.76,0.80,70.4
05/18/18,17:00,64.071,2.38,0.79,70.9
05/18/18,17:30,55.782,2.56,0.79,69.8
05/18/18,18:00,46.307,2.08,0.77,69.3
05/18/18,18:30,47.288,2.32,0.79,69.8
05/18/18,19:00,111.513,2.69,0.80,69.8
05/18/18,19:30,45.712,2.81,0.81,69.3
05/18/18,20:00,116.653,2.66,0.81,69.8
05/18/18,20:30,114.215,2.49,0.71,69.8
05/18/18,21:00,63.394,2.03,0.77,70.4
05/18/18,21:30,52.284,2.75,0.79,69.8
05/18/18,22:00,53.693,1.89,0.79,69.8
05/18/18,22:30,53.405,2.62,0.77,69.8
05/18/18,23:00,85.808,2.52,0.77,70.4
05/18/18,23:30,160.036,2.72,0.75,69.8
05/19/18,00:00,66.206,2.38,0.73,70.4
05/19/18,00:30,90.505,2.74,0.77,68.8
05/19/18,01:00,88.777,2.72,0.79,69.8
05/19/18,01:30,45.222,2.79,0.76,70.4
05/19/18,02:00,95.796,2.50,0.80,69.3
05/19/18,02:30,55.768,2.74,0.78,69.8
05/19/18,03:00,87.502,2.71,0.77,69.8
05/19/18,03:30,46.024,2.76,0.76,70.9
05/19/18,04:00,90.908,2.66,0.79,69.3
05/19/18,04:30,45.288,2.81,0.78,69.8
05/19/18,05:00,112.594,2.74,0.79,69.3
05/19/18,05:30,84.647,2.74,0.79,70.9
05/19/18,06:00,95.067,2.66,0.82,70.9
05/19/18,06:30,46.024,2.78,0.78,70.9
05/19/18,07:00,88.476,2.72,0.84,69.3
05/19/18,07:30,46.259,2.76,0.78,69.8
05/19/18,08:00,91.579,2.73,0.78,69.8
05/19/18,08:30,46.299,2.78,0.79,69.8
05/19/18,09:00,92.202,2.69,0.79,69.3
05/19/18,09:30,53.305,2.76,0.79,70.9
05/19/18,10:00,88.742,2.72,0.78,70.4
05/19/18,10:30,67.194,2.35,0.80,70.9
05/19/18,11:00,85.053,2.75,0.79,69.3
05/19/18,11:30,45.187,2.72,0.77,70.4
05/19/18,12:00,87.257,2.75,0.71,69.3
05/19/18,12:30,53.426,2.45,0.80,69.8
05/19/18,13:00,94.255,2.43,0.79,70.4
05/19/18,13:30,55.305,2.10,0.78,69.8
05/19/18,14:00,92.387,2.61,0.85,70.4
05/19/18,14:30,52.435,2.62,0.76,70.4
05/19/18,15:00,90.482,2.63,0.75,69.8
05/19/18,15:30,45.968,2.61,0.75,69.3
05/19/18,16:00,53.45,2.21,0.77,70.9
05/19/18,16:30,54.843,2.61,0.76,70.9
05/19/18,17:00,87.076,2.64,0.85,69.3
05/19/18,17:30,46.33,2.53,0.80,69.8
05/19/18,18:00,107.237,2.56,0.81,69.3
05/19/18,18:30,53.534,2.65,0.78,69.3
05/19/18,19:00,88.336,2.51,0.77,69.3
05/19/18,19:30,47.964,2.59,0.81,69.8
05/19/18,20:00,88.553,2.59,0.79,69.3
05/19/18,20:30,46.914,2.23,0.81,70.9
05/19/18,21:00,87.612,2.66,0.77,69.8
05/19/18,21:30,53.228,2.65,0.70,70.4
05/19/18,22:00,217.262,2.39,0.77,69.8
05/19/18,22:30,45.885,2.44,0.78,70.4
05/19/18,23:00,47.134,1.62,0.79,70.4
05/19/18,23:30,47.21,2.32,0.76,70.4
05/20/18,00:00,91.493,2.57,0.84,69.8
05/20/18,00:30,53.613,2.85,0.79,69.8
05/20/18,01:00,92.7,2.76,0.80,69.8
05/20/18,01:30,46.806,2.88,0.78,70.9
05/20/18,02:00,56.207,2.43,0.79,69.8
05/20/18,02:30,66.563,2.49,0.78,69.8
05/20/18,03:00,84.745,2.84,0.86,69.8
05/20/18,03:30,45.332,2.85,0.70,68.8
05/20/18,04:00,132.224,2.84,0.80,69.8
05/20/18,04:30,48.435,2.86,0.80,69.3
05/20/18,05:00,87.537,2.83,0.81,69.8
05/20/18,05:30,48.378,2.84,0.80,69.8
05/20/18,06:00,91.486,2.85,0.78,69.8
05/20/18,06:30,48.268,2.84,0.79,69.8
05/20/18,07:00,87.909,2.89,0.75,69.8
05/20/18,07:30,53.666,2.86,0.79,70.9
05/20/18,08:00,71.303,2.50,0.80,68.8
05/20/18,08:30,45.506,2.77,0.80,69.8
05/20/18,09:00,93.251,0.72,0.83,70.4
05/20/18,09:30,81.443,0.77,0.78,69.8
05/20/18,10:00,109.061,2.79,0.80,69.8
05/20/18,10:30,52.716,2.81,0.80,70.4
05/20/18,11:00,85.308,2.69,0.80,69.8
05/20/18,11:30,39.165,2.76,1.06,69.8
05/20/18,12:00,41.938,2.76,1.09,69.3
05/20/18,12:30,44.83,2.71,1.06,69.8
05/20/18,13:00,77.923,2.72,1.13,70.4
05/20/18,13:30,44.972,2.76,1.08,69.8
05/20/18,14:00,82.681,2.71,1.07,68.8
05/20/18,14:30,39.147,2.73,1.07,70.4
05/20/18,15:00,39.429,1.77,1.05,70.9
05/20/18,15:30,79.552,2.70,1.13,69.8
05/20/18,16:00,84.74,2.66,1.09,69.8
05/20/18,16:30,39.928,2.79,1.08,69.8
05/20/18,17:00,75.868,2.40,1.08,70.4
05/20/18,17:30,45.156,2.76,1.05,69.8
05/20/18,18:00,79.794,2.75,1.14,70.4
05/20/18,18:30,39.262,2.76,1.09,70.4
05/20/18,19:00,78.754,2.78,1.08,70.9
05/20/18,19:30,45.376,2.77,1.09,69.8
05/20/18,20:00,77.727,0.66,1.08,70.9
05/20/18,20:30,79.376,0.64,1.03,69.3
05/20/18,21:00,107.487,0.60,1.07,69.8
05/20/18,21:30,40.691,2.11,1.08,70.4
05/20/18,22:00,39.024,1.63,1.05,70.4
05/20/18,22:30,42.623,2.17,0.99,69.8
05/20/18,23:00,74.648,2.28,0.97,69.3
05/20/18,23:30,85.583,2.27,1.05,70.4
05/21/18,00:00,40.309,2.55,1.10,70.4
05/21/18,00:30,46.685,2.84,0.74,69.8
05/21/18,01:00,104.327,2.82,0.83,69.8
05/21/18,01:30,52.476,2.56,0.76,69.3
05/21/18,02:00,113.11,2.78,0.81,69.8
05/21/18,02:30,49.402,2.90,0.74,70.4
05/21/18,03:00,92.972,2.83,0.79,69.3
05/21/18,03:30,45.902,2.85,0.76,70.4
05/21/18,04:00,59.029,2.40,0.77,69.3
05/21/18,04:30,67.766,2.53,0.68,70.9
05/21/18,05:00,95.269,2.77,0.82,69.8
05/21/18,05:30,45.851,2.90,0.77,69.8
05/21/18,06:00,105.092,2.78,0.76,70.4
05/21/18,06:30,46.749,2.88,0.77,69.8
05/21/18,07:00,112.966,2.75,0.73,68.8
05/21/18,07:30,55.116,2.88,0.76,69.3
05/21/18,08:00,142.966,2.77,0.72,69.8
05/21/18,08:30,102.134,0.81,0.77,69.3
05/21/18,09:00,86.763,0.82,0.64,68.8
05/21/18,09:31,567.398,0.14,0.64,69.8
05/21/18,10:00,101.839,0.77,0.79,68.8
05/21/18,10:30,86.97,0.76,0.79,68.8
05/21/18,11:00,87.405,0.76,0.78,69.3
05/21/18,11:30,46.687,2.88,0.75,69.3
05/21/18,12:00,55.534,2.59,0.76,69.3
05/21/18,12:30,84.955,0.74,0.77,70.4
05/21/18,13:00,93.446,0.74,0.74,69.8
05/21/18,13:30,88.882,0.75,0.75,69.8
05/21/18,14:00,89.264,0.71,0.76,69.8
05/21/18,14:30,85.866,2.84,0.76,69.8
05/21/18,15:00,53.7,2.72,0.79,70.9
05/21/18,15:30,54.151,2.87,0.76,69.8
05/21/18,16:00,145.393,2.80,0.75,69.8
05/21/18,16:30,46.013,2.70,1.06,70.4
05/21/18,17:30,46.098,2.78,1.09,70.4
05/21/18,18:00,84.376,2.77,1.13,69.8
05/21/18,18:30,85.976,2.72,1.09,68.8
05/21/18,19:00,87.114,2.72,1.07,69.8
05/21/18,19:30,42.012,2.78,1.09,70.4
05/21/18,20:00,140.766,2.67,1.09,48.3
05/21/18,20:11,39.405,1.20,0.98,49.4
05/21/18,20:30,39.404,2.58,1.08,55.8
05/21/18,21:00,55.35,1.92,0.96,56.9
05/21/18,21:30,45.262,2.22,1.08,56.9
05/21/18,22:00,78.835,2.24,0.94,56.9
05/21/18,22:30,203.474,2.10,1.02,56.9
05/21/18,23:00,82.623,2.23,1.02,57.5
05/21/18,23:30,39.134,2.44,1.09,55.8
05/22/18,00:00,52.321,1.85,0.79,55.3
05/22/18,00:30,54.402,2.76,0.77,55.8
05/22/18,01:00,94.752,2.65,0.84,55.3
05/22/18,01:30,46.255,2.80,0.78,55.3
05/22/18,02:00,106.481,2.71,0.81,55.8
05/22/18,02:30,98.076,2.68,0.79,54.2
05/22/18,03:00,94.439,2.69,0.77,54.8
05/22/18,03:30,46.361,2.78,0.79,55.8
05/22/18,04:00,160.832,1.09,0.73,55.3
05/22/18,04:30,46.187,2.78,0.79,54.8
05/22/18,05:00,53.566,2.40,0.75,54.8
05/22/18,05:30,52.43,2.68,0.78,54.8
05/22/18,06:00,68.964,2.33,0.77,54.8
05/22/18,06:30,46.362,2.79,0.79,53.7
05/22/18,07:00,91.129,2.69,0.82,56.4
05/22/18,07:30,46.301,2.80,0.76,54.2
05/22/18,08:00,85.032,2.76,0.79,55.3
05/22/18,08:30,45.768,2.81,0.79,55.8
05/22/18,09:00,62.092,2.44,0.79,54.2
05/22/18,09:30,75.017,0.66,0.77,54.2
05/22/18,10:00,96.469,0.72,0.80,54.8
05/22/18,10:30,86.3,0.69,0.77,55.8
05/22/18,11:00,95.409,0.71,0.80,55.3
05/22/18,11:30,53.957,2.76,0.77,55.8
05/22/18,12:00,69.382,2.41,0.78,56.4
05/22/18,12:30,46.189,2.77,0.80,54.8
05/22/18,13:00,85.401,2.76,0.66,55.8
05/22/18,13:30,53.965,2.63,0.79,56.4
05/22/18,14:00,54.562,2.56,0.79,55.3
05/22/18,14:30,98.253,2.73,0.80,55.3
05/22/18,15:00,112.694,2.68,0.51,55.8
05/22/18,15:30,46.408,2.77,0.81,55.8
05/22/18,16:00,53.44,2.06,0.80,55.8
05/22/18,16:30,54.202,2.75,0.78,56.4
05/22/18,17:00,87.744,2.74,0.85,56.9
05/22/18,17:30,46.0,2.75,0.79,55.3
05/22/18,18:00,88.613,2.69,0.77,56.4
05/22/18,18:30,46.222,2.82,0.79,56.9
05/22/18,19:00,77.31,2.29,0.76,56.4
05/22/18,19:30,91.358,0.72,0.71,56.9
05/22/18,20:00,86.846,0.74,0.77,56.4
05/22/18,20:30,53.084,2.79,0.76,57.5
05/22/18,21:00,99.007,2.05,0.77,55.8
05/22/18,21:31,772.486,0.20,0.64,55.8
05/22/18,22:00,94.836,2.66,0.78,55.8
05/22/18,22:30,53.104,2.60,0.78,56.9
05/22/18,23:00,95.167,2.68,0.77,56.4
05/22/18,23:30,87.497,2.47,0.80,56.4
05/23/18,00:00,96.71,2.64,0.84,55.3
05/23/18,00:30,46.406,2.43,0.77,56.4
05/23/18,01:00,102.538,2.73,0.79,56.4
05/23/18,01:30,119.801,2.66,0.75,55.8
05/23/18,02:00,59.397,2.05,0.78,54.8
05/23/18,02:30,58.619,2.76,0.77,56.4
05/23/18,03:00,91.188,2.75,0.85,55.8
05/23/18,03:30,118.149,2.72,0.79,55.8
05/23/18,04:00,93.867,2.75,0.77,54.8
05/23/18,04:30,49.414,2.80,0.79,54.8
05/23/18,05:00,121.619,2.73,0.81,55.8
05/23/18,05:30,117.773,2.81,0.74,54.8
05/23/18,06:30,95.693,2.70,0.82,55.8
05/23/18,07:00,50.624,2.44,0.76,55.8
05/23/18,07:30,51.466,2.84,0.77,54.8
05/23/18,08:00,86.155,2.46,0.77,55.3
05/23/18,08:30,49.616,2.83,0.80,55.8
05/23/18,09:00,93.618,2.83,0.81,54.8
05/23/18,09:30,114.85,0.64,1.09,55.8
05/23/18,10:00,83.855,0.72,1.03,53.7
05/23/18,10:30,82.075,0.67,1.06,55.8
05/23/18,11:00,77.364,0.70,1.06,55.8
05/23/18,11:30,38.81,2.77,1.10,55.8
05/23/18,12:00,39.174,2.77,1.07,55.8
05/23/18,12:30,156.85,2.20,1.04,56.4
05/23/18,13:00,88.228,2.39,1.13,56.4
05/23/18,13:30,44.225,2.73,1.06,55.8
05/23/18,14:00,50.11,2.43,1.07,55.8
05/23/18,14:30,50.138,2.74,1.06,55.8
05/23/18,15:00,83.47,2.70,1.12,55.8
05/23/18,15:30,38.995,2.79,1.06,55.8
05/23/18,16:00,39.944,2.72,1.07,56.4
05/23/18,16:30,38.793,2.35,1.08,55.8
05/23/18,17:00,38.959,2.40,1.07,56.4
05/23/18,17:30,40.609,2.73,1.05,55.8
05/23/18,18:00,75.421,2.76,1.15,55.8
05/23/18,18:30,85.312,2.71,1.13,55.8
05/23/18,19:00,98.224,2.62,1.09,56.4
05/23/18,21:30,76.113,2.70,0.92,55.8
05/23/18,22:00,83.795,1.82,0.97,56.9
05/23/18,22:30,267.205,1.22,0.99,56.9
05/23/18,23:00,247.248,1.80,1.01,56.9
05/23/18,23:30,219.041,2.25,0.94,56.9
05/24/18,00:00,300.431,1.99,1.00,56.9
05/24/18,00:30,196.839,1.89,0.92,56.9
05/24/18,01:00,82.558,2.60,1.12,55.8
05/24/18,01:30,43.348,2.76,1.08,58.5
05/24/18,02:00,82.513,2.50,1.05,56.4
05/24/18,02:30,38.894,2.77,1.05,55.8
05/24/18,03:00,46.042,1.90,1.04,55.8
05/24/18,03:30,46.62,2.79,1.07,56.9
05/24/18,04:00,78.391,2.77,1.13,55.8
05/24/18,04:30,39.206,2.79,1.08,58.0
05/24/18,05:00,45.861,2.25,1.08,55.8
05/24/18,05:30,38.956,2.78,1.07,54.8
05/24/18,06:00,86.792,2.74,1.10,56.9
05/24/18,06:30,39.133,2.76,1.06,55.8
05/24/18,07:00,97.557,2.73,1.06,55.8
05/24/18,07:30,38.706,2.74,1.10,54.8
05/24/18,08:00,89.246,2.66,1.12,55.8
05/24/18,08:30,128.005,2.75,1.06,55.8
05/24/18,09:00,39.353,2.75,1.07,55.3
05/24/18,09:30,80.007,0.72,1.12,56.4
05/24/18,10:00,142.814,0.68,1.07,55.8
05/24/18,10:30,81.793,0.74,1.09,55.3
05/24/18,11:00,80.16,0.72,1.04,56.9
05/24/18,11:30,41.125,2.75,0.98,55.8
05/24/18,12:00,84.231,2.68,1.09,55.8
05/24/18,12:30,45.827,2.76,1.07,56.4
05/24/18,13:00,81.017,2.74,1.13,56.9
05/24/18,13:30,72.135,2.62,1.07,55.8
05/24/18,14:00,39.374,2.40,1.06,56.4
05/24/18,14:30,41.902,2.73,1.08,56.4
05/24/18,15:00,82.088,2.54,1.13,55.8
05/24/18,15:30,38.716,2.77,1.08,57.5
05/24/18,16:00,39.251,1.65,1.08,57.5
05/24/18,16:30,40.427,2.76,1.07,55.8
05/24/18,17:00,40.695,1.56,1.07,58.0
05/24/18,17:30,39.26,2.50,1.06,58.0
05/24/18,18:00,112.724,2.02,0.92,58.0
05/24/18,18:30,254.496,2.05,0.98,56.9
05/24/18,19:00,266.43,1.78,1.00,58.0
05/24/18,19:30,190.358,1.87,0.92,58.0
05/24/18,20:00,239.55,1.53,0.93,58.0
05/24/18,20:30,95.837,2.71,1.08,58.0
05/24/18,21:00,98.961,2.33,0.77,59.1
05/24/18,21:30,136.526,2.18,0.94,58.5
05/24/18,22:00,75.573,2.68,1.07,46.2
05/24/18,22:30,40.179,2.79,1.06,58.0
05/24/18,23:00,75.119,2.42,1.10,56.9
05/24/18,23:30,51.478,2.14,1.09,55.8
05/25/18,00:00,144.039,2.68,1.03,56.9
05/25/18,00:30,39.063,2.74,1.09,56.9
05/25/18,01:00,97.353,2.76,1.11,56.9
05/25/18,01:30,53.266,2.45,1.06,56.9
05/25/18,02:00,57.244,2.42,1.06,56.9
05/25/18,02:30,52.442,2.75,1.08,56.4
05/25/18,03:00,104.195,2.72,1.12,56.9
05/25/18,03:30,43.648,2.75,1.06,56.9
05/25/18,04:00,115.626,2.70,1.13,54.8
05/25/18,04:30,46.427,2.71,1.08,55.8
05/25/18,05:00,91.001,2.68,1.10,56.4
05/25/18,05:30,41.077,2.73,1.08,54.8
05/25/18,06:00,87.032,1.89,0.95,55.3
05/25/18,06:30,39.805,2.77,1.03,55.8
05/25/18,07:00,85.878,2.70,1.09,55.3
05/25/18,07:30,45.329,2.66,1.06,54.8
05/25/18,08:00,170.778,2.73,1.05,55.8
05/25/18,08:30,45.754,2.79,1.07,55.8
05/25/18,09:00,86.206,2.73,1.07,55.8
05/25/18,09:30,86.377,0.65,1.11,55.8
05/25/18,10:00,76.559,0.68,1.07,55.8
05/25/18,10:30,78.11,0.68,1.05,54.8
05/25/18,11:00,84.573,0.68,1.08,56.4
05/25/18,11:30,39.362,2.45,1.08,55.8
05/25/18,12:00,84.967,2.64,1.10,56.4
05/25/18,12:30,39.645,2.75,1.09,56.4
05/25/18,13:00,124.645,2.74,1.03,55.8
05/25/18,13:30,38.985,2.76,1.04,54.8
05/25/18,14:00,84.601,2.73,1.07,55.8
05/25/18,14:30,41.388,2.78,1.10,55.8
05/25/18,15:00,71.831,1.99,1.07,56.4
05/25/18,15:30,140.841,2.70,1.06,56.4
05/25/18,16:00,85.96,2.62,1.06,56.4
05/25/18,16:30,45.026,2.76,1.07,55.3
05/25/18,17:00,45.117,2.74,1.08,55.8
05/25/18,17:30,100.798,2.72,1.09,57.5
05/25/18,18:00,50.633,2.39,1.08,55.8
05/25/18,18:30,47.377,2.15,1.05,56.4
05/25/18,19:00,98.78,2.70,1.04,56.9
05/25/18,20:00,46.685,2.35,1.06,55.8
05/25/18,20:30,44.874,2.75,1.05,56.4
05/25/18,21:00,46.172,2.55,1.08,56.9
05/25/18,21:30,45.166,2.71,1.08,56.9
05/25/18,22:00,45.233,2.74,1.08,56.4
05/25/18,22:30,195.435,2.67,1.02,49.9
05/25/18,23:00,85.352,2.62,1.11,58.0
05/25/18,23:30,106.993,2.65,1.04,56.9
05/26/18,00:00,44.752,2.74,1.07,56.9
05/26/18,00:30,54.07,2.48,1.08,57.5
05/26/18,01:00,113.604,2.70,1.11,58.0
05/26/18,01:30,87.779,2.64,1.05,57.5
05/26/18,02:00,86.488,2.64,1.05,56.9
05/26/18,02:30,39.001,2.76,1.04,55.8
05/26/18,03:00,83.026,2.65,1.13,56.4
05/26/18,03:30,46.828,2.76,1.06,55.3
05/26/18,04:00,85.448,2.68,1.09,55.8
05/26/18,04:30,46.426,2.76,1.05,56.4
05/26/18,05:00,46.358,1.43,1.07,56.9
05/26/18,05:30,50.06,2.22,1.07,54.8
05/26/18,06:00,45.915,2.16,1.02,55.8
05/26/18,06:30,45.746,2.73,1.07,55.8
05/26/18,07:00,47.816,1.66,0.97,54.8
05/26/18,07:30,45.447,2.79,1.06,56.9
05/26/18,08:00,79.363,2.71,1.07,56.9
05/26/18,08:30,44.502,2.75,1.01,55.3
05/26/18,09:00,46.025,1.44,1.07,55.3
05/26/18,09:30,45.112,2.77,1.08,56.4
05/26/18,10:00,75.877,2.69,1.14,55.8
05/26/18,10:30,80.588,2.55,1.07,56.4
05/26/18,11:00,85.24,2.63,1.12,56.4
05/26/18,11:30,55.198,2.56,1.02,56.4
05/26/18,12:00,125.244,2.73,1.06,56.4
05/26/18,12:30,39.488,2.76,1.07,56.4
05/26/18,13:00,77.46,2.25,1.10,56.9
05/26/18,13:30,53.818,1.98,1.04,56.4
05/26/18,14:00,59.024,2.24,1.06,55.8
05/26/18,14:30,45.945,2.06,1.05,55.8
05/26/18,15:00,92.117,2.43,1.07,56.4
05/26/18,15:30,45.524,2.41,1.08,57.5
05/26/18,16:00,85.383,0.47,1.05,55.8
05/26/18,16:30,86.478,0.44,1.00,57.5
05/26/18,17:00,45.565,2.04,1.07,58.5
05/26/18,17:30,45.496,2.81,1.08,58.0
05/26/18,18:00,112.548,2.71,1.11,58.0
05/26/18,18:30,45.322,2.62,1.04,57.5
05/26/18,19:00,86.995,0.68,1.04,58.0
05/26/18,19:30,78.948,0.66,1.02,58.0
05/26/18,20:00,46.765,2.77,1.06,58.0
05/26/18,20:30,46.703,2.66,1.00,59.1
05/26/18,21:00,136.351,2.69,1.08,56.9
05/26/18,21:30,105.824,2.80,1.05,56.9
05/26/18,22:00,75.441,2.75,1.12,58.0
05/26/18,22:30,86.684,2.70,1.10,58.0
05/26/18,23:00,106.387,2.73,1.08,58.0
05/26/18,23:30,39.727,2.80,1.06,56.9
05/27/18,00:00,39.576,2.55,1.07,57.5
05/27/18,00:30,79.629,2.73,1.13,56.4
05/27/18,01:00,79.355,2.74,1.05,56.9
05/27/18,01:30,39.819,2.81,1.05,58.0
05/27/18,02:00,39.708,2.39,1.09,56.9
05/27/18,02:30,45.352,2.80,1.05,58.5
05/27/18,03:00,46.571,2.73,1.03,56.9
05/27/18,03:30,148.173,2.65,1.08,57.5
05/27/18,04:00,107.315,2.75,1.03,58.0
05/27/18,04:30,44.717,2.83,0.72,56.4
05/27/18,05:00,168.703,2.69,0.74,56.9
05/27/18,05:30,45.51,2.82,0.74,56.4
05/27/18,06:00,53.018,2.56,0.71,56.4
05/27/18,06:30,110.741,2.79,0.79,55.8
05/27/18,07:00,94.508,2.65,0.84,58.0
05/27/18,07:30,54.177,2.43,0.79,57.5
05/27/18,08:00,124.934,2.79,0.73,56.4
05/27/18,08:30,103.565,0.70,0.72,56.4
05/27/18,09:00,104.309,0.72,0.73,56.9
05/27/18,09:30,89.574,0.72,0.83,58.0
05/27/18,10:00,95.55,0.70,0.75,58.0
05/27/18,10:30,90.45,0.71,0.65,56.9
05/27/18,11:00,94.585,2.72,0.76,57.5
05/27/18,11:30,93.232,2.76,0.71,57.5
05/27/18,12:00,94.896,2.68,0.82,58.0
05/27/18,12:30,52.238,2.82,0.74,58.0
05/27/18,13:00,66.913,2.40,0.77,58.5
05/27/18,13:30,44.849,2.46,0.74,56.9
05/27/18,14:00,44.807,1.78,0.74,56.9
05/27/18,14:30,51.582,2.55,0.74,56.9
05/27/18,15:00,89.49,2.68,0.78,56.9
05/27/18,15:30,51.427,2.86,0.76,58.0
05/27/18,16:00,69.373,2.52,0.75,58.5
05/27/18,16:30,45.09,2.80,0.75,59.1
05/27/18,17:00,53.738,2.25,1.08,56.9
05/27/18,17:30,44.926,2.38,1.04,59.1
05/27/18,18:00,45.335,2.40,1.07,58.0
05/27/18,18:30,39.665,2.80,1.07,58.0
05/27/18,19:00,89.172,2.69,1.13,58.0
05/27/18,19:30,40.998,2.71,1.09,59.1
05/27/18,20:00,91.513,2.67,1.05,56.9
05/27/18,20:30,40.898,2.66,1.06,56.9
05/27/18,21:00,104.265,2.69,1.05,56.9
05/27/18,21:30,38.976,2.77,1.08,56.9
05/27/18,22:00,78.177,2.75,1.15,56.4
05/27/18,22:30,46.022,2.76,1.04,58.0
05/27/18,23:00,45.9,2.76,1.06,58.5
05/27/18,23:30,45.005,2.49,1.05,56.9
05/28/18,00:00,121.889,2.69,0.79,56.9
05/28/18,00:30,54.274,2.80,0.73,56.4
05/28/18,01:00,70.789,2.39,0.74,58.0
05/28/18,01:30,55.606,2.77,0.77,58.0
05/28/18,02:00,167.717,2.79,0.80,56.4
05/28/18,02:30,45.845,2.78,0.77,56.4
05/28/18,03:00,136.932,2.71,0.73,55.8
05/28/18,03:30,45.685,2.71,0.76,56.4
05/28/18,04:00,96.319,2.76,0.73,55.3
05/28/18,04:30,39.951,2.71,1.07,58.0
05/28/18,05:00,71.794,2.32,1.07,56.4
05/28/18,05:30,46.82,2.49,1.05,56.9
05/28/18,06:00,156.434,2.77,0.80,56.4
05/28/18,06:30,46.856,2.84,0.75,55.8
05/28/18,07:00,109.05,2.75,0.80,56.9
05/28/18,07:30,46.875,0.49,0.00,56.9
05/28/18,08:00,98.78,2.61,0.98,57.5
05/28/18,08:30,40.372,2.75,1.07,55.8
05/28/18,09:00,47.483,2.23,1.09,56.9
05/28/18,09:30,82.298,0.71,1.12,56.9
05/28/18,10:00,141.339,0.71,1.02,56.9
05/28/18,10:30,78.06,0.65,1.04,55.8
05/28/18,11:00,78.576,0.69,1.06,56.9
05/28/18,11:30,40.891,2.78,1.06,55.8
05/28/18,12:00,82.491,2.73,1.04,55.8
05/28/18,12:30,78.171,0.63,1.05,55.8
05/28/18,13:01,459.608,0.35,0.95,56.4
05/28/18,13:31,657.803,0.33,0.91,56.9
05/28/18,14:00,84.935,2.70,1.14,56.9
05/28/18,14:30,45.333,2.73,1.07,56.9
05/28/18,15:00,47.226,2.72,1.06,56.9
05/28/18,15:30,47.798,2.77,1.08,55.8
05/28/18,16:00,84.995,2.72,0.84,57.5
05/28/18,16:30,39.864,2.76,1.08,56.4
05/28/18,17:00,47.483,1.61,1.07,57.5
05/28/18,17:30,82.034,2.72,1.14,56.9
05/28/18,18:00,174.615,2.73,1.08,56.4
05/28/18,18:30,40.662,2.55,1.07,58.0
05/28/18,19:00,43.256,1.93,1.06,57.5
05/28/18,19:30,46.184,2.76,1.06,58.0
05/28/18,20:00,46.356,2.35,1.07,56.9
05/28/18,20:30,45.927,2.71,1.04,57.5
05/28/18,21:00,100.582,2.17,1.05,58.0
05/28/18,21:30,43.576,2.13,0.99,58.0
05/28/18,22:00,103.501,2.10,0.98,56.9
05/28/18,22:30,125.89,1.01,0.91,59.1
05/28/18,23:00,76.111,1.83,1.06,58.0
05/28/18,23:30,46.922,2.40,0.99,57.5
05/29/18,00:00,96.7,2.46,1.08,58.0
05/29/18,00:30,40.09,2.48,1.05,56.9
05/29/18,01:00,87.485,2.47,1.05,56.4
05/29/18,01:30,45.967,2.54,0.83,57.5
05/29/18,02:00,45.87,2.35,1.02,56.4
05/29/18,02:30,45.682,2.49,1.06,56.9
05/29/18,03:00,47.712,1.73,1.07,56.4
05/29/18,03:30,46.799,2.49,1.08,56.9
05/29/18,04:00,117.356,2.41,1.06,58.0
05/29/18,04:30,39.782,2.48,1.08,56.9
05/29/18,05:00,54.243,2.27,1.07,56.9
05/29/18,05:30,39.811,2.44,1.08,57.5
05/29/18,06:00,78.917,2.42,1.05,56.9
05/29/18,06:30,46.119,2.49,1.07,57.5
05/29/18,07:00,46.148,2.14,1.07,55.8
05/29/18,07:30,39.571,2.39,1.06,56.4
05/29/18,08:00,84.164,2.47,1.08,56.9
05/29/18,08:30,147.996,1.98,0.97,56.4
05/29/18,09:00,86.37,2.48,1.08,56.9
05/29/18,09:31,841.644,0.26,0.88,55.8
05/29/18,10:00,84.348,0.45,1.12,56.9
05/29/18,10:30,74.46,0.44,1.06,58.0
05/29/18,11:00,79.905,0.43,1.05,57.5
05/29/18,11:30,45.396,2.47,1.01,56.4
05/29/18,12:00,82.933,2.28,1.03,56.9
05/29/18,12:30,51.645,2.34,1.07,56.9
05/29/18,13:00,162.76,2.47,1.07,58.0
05/29/18,13:30,45.309,2.50,1.05,57.5
05/29/18,14:00,47.24,1.58,1.05,55.8
05/29/18,14:30,45.369,2.54,1.04,57.5
05/29/18,15:00,79.779,2.30,1.11,58.0
05/29/18,15:30,45.51,2.14,1.05,58.0
05/29/18,16:00,259.679,1.65,0.91,56.9
05/29/18,16:30,230.609,1.65,0.72,58.5
05/29/18,17:00,195.825,1.80,0.98,56.9
05/29/18,17:30,222.167,1.87,0.93,54.8
05/29/18,18:00,315.746,1.77,0.93,54.2
05/29/18,18:30,46.245,2.48,1.06,54.2
05/29/18,19:00,112.871,2.40,1.09,53.7
05/29/18,19:30,58.218,2.13,1.08,53.2
05/29/18,20:00,93.745,2.37,1.05,54.8
05/29/18,20:30,50.719,1.16,0.96,55.8
05/29/18,21:00,103.619,1.37,0.96,54.8
05/29/18,21:30,49.594,1.92,1.03,53.7
05/29/18,22:00,216.953,1.62,0.92,54.8
05/29/18,22:30,154.73,1.78,0.95,54.8
05/29/18,23:00,85.429,2.35,1.08,53.7
05/29/18,23:30,46.596,2.32,1.09,54.2
05/30/18,00:00,61.019,1.95,1.05,54.2
05/30/18,00:30,83.006,2.26,1.14,54.2
05/30/18,01:00,78.299,2.33,1.05,56.9
05/30/18,01:30,44.974,2.29,1.01,57.5
05/30/18,02:00,50.554,1.65,1.04,57.5
05/30/18,02:30,43.215,2.36,1.08,56.9
05/30/18,03:00,86.752,2.25,1.09,56.9
05/30/18,03:30,75.183,2.34,1.09,56.4
05/30/18,04:00,93.764,2.20,1.04,56.9
05/30/18,04:30,43.758,2.26,1.01,58.0
05/30/18,05:00,67.592,1.90,1.04,56.9
05/30/18,05:30,155.297,2.43,1.10,56.4
05/30/18,06:00,102.248,2.46,0.99,55.8
05/30/18,06:30,45.643,2.54,1.08,56.9
05/30/18,07:00,80.165,2.56,1.13,56.9
05/30/18,07:30,39.665,2.55,1.05,55.8
05/30/18,08:00,75.927,2.45,1.05,55.8
05/30/18,08:30,121.303,2.39,1.05,55.8
05/30/18,09:00,81.219,2.55,1.04,55.8
05/30/18,09:30,96.215,0.49,1.07,57.5
05/30/18,10:00,88.69,0.48,1.05,56.9
05/30/18,10:30,79.627,0.47,1.11,55.8
05/30/18,11:00,81.146,0.48,1.04,55.3
05/30/18,11:30,45.897,2.53,1.07,55.8
05/30/18,12:00,78.171,0.45,1.05,55.8
05/30/18,12:30,83.063,0.36,1.03,56.9
05/30/18,13:00,75.536,2.32,0.71,55.3
05/30/18,13:30,44.929,2.78,1.05,56.9
05/30/18,14:00,45.385,1.64,1.08,56.9
05/30/18,14:30,44.828,2.74,1.01,56.9
05/30/18,15:00,44.914,2.21,1.09,56.9
05/30/18,15:30,44.826,2.75,1.08,56.9
05/30/18,16:00,114.989,2.73,1.13,55.8
05/30/18,16:30,44.783,2.75,1.08,56.4
05/30/18,17:00,85.881,2.71,1.07,56.4
05/30/18,17:30,86.223,2.66,1.06,56.9
05/30/18,18:00,85.513,2.66,1.05,55.8
05/30/18,18:30,44.707,2.67,1.06,55.8
05/30/18,19:00,102.071,2.68,1.08,56.4
05/30/18,19:30,107.181,1.39,1.04,58.0
05/30/18,20:00,98.542,2.69,1.04,56.9
05/30/18,20:30,38.898,2.79,1.07,57.5
05/30/18,21:00,87.922,2.50,1.08,57.5
05/30/18,21:31,760.907,0.27,0.88,56.4
05/30/18,22:00,79.037,0.60,1.03,57.5
05/30/18,22:30,83.62,0.59,1.07,56.9
05/30/18,23:00,45.838,2.43,1.06,56.4
05/30/18,23:30,45.729,2.74,1.05,58.0
05/31/18,00:00,94.628,2.74,1.08,55.8
05/31/18,00:30,38.944,2.44,1.04,56.9
05/31/18,01:00,77.382,2.74,1.14,55.8
05/31/18,01:30,80.852,2.70,1.06,57.5
05/31/18,02:00,45.008,1.67,1.07,56.9
05/31/18,02:30,47.313,2.76,1.05,55.8
05/31/18,03:00,97.245,2.75,0.81,55.8
05/31/18,03:30,39.401,2.72,1.06,56.4
05/31/18,04:00,85.132,2.73,1.07,56.9
05/31/18,04:30,39.334,2.77,1.03,56.9
05/31/18,05:00,79.136,2.74,1.07,56.4
05/31/18,05:30,46.305,2.76,1.04,56.9
05/31/18,06:00,81.456,2.74,1.08,56.4
05/31/18,06:30,39.023,2.74,1.08,56.4
05/31/18,07:00,48.621,2.35,1.04,56.4
05/31/18,07:30,46.088,2.34,1.04,55.8
05/31/18,08:00,147.821,2.31,0.98,55.8
05/31/18,08:30,46.026,2.76,1.05,55.8
05/31/18,09:00,54.025,2.42,1.09,55.8
05/31/18,09:31,605.465,0.28,0.89,56.9
05/31/18,10:01,725.032,0.22,0.82,56.4
05/31/18,10:31,522.666,0.32,0.94,56.9
05/31/18,11:01,679.505,0.34,0.74,56.9
05/31/18,11:30,187.619,1.82,0.96,56.4
05/31/18,12:00,74.729,2.67,1.02,56.4
05/31/18,12:30,75.075,2.73,1.06,56.4
05/31/18,13:00,83.94,2.68,1.07,58.0
05/31/18,13:30,39.143,2.77,1.04,57.5
05/31/18,14:00,247.383,2.09,0.97,56.9
05/31/18,14:30,46.097,2.77,1.08,56.9
05/31/18,15:00,74.759,2.68,1.02,56.9
05/31/18,15:30,114.437,2.68,1.09,58.0
05/31/18,16:00,90.504,2.20,1.01,57.5
05/31/18,16:30,45.529,2.69,1.09,58.0
05/31/18,17:00,45.168,1.37,1.04,58.0
05/31/18,17:30,46.264,2.77,1.06,58.0
05/31/18,18:00,45.054,2.65,1.06,58.5
05/31/18,18:30,75.814,2.47,1.12,57.5
05/31/18,19:00,114.83,2.71,1.12,58.5
05/31/18,19:30,39.275,2.77,1.06,56.9
05/31/18,20:00,81.357,0.71,1.14,58.5
05/31/18,20:30,85.875,2.44,0.83,59.1
05/31/18,21:00,88.225,2.58,1.01,58.5
05/31/18,21:30,45.404,2.64,1.05,58.0
05/31/18,22:00,47.769,1.61,1.07,58.5
05/31/18,22:30,39.243,2.58,1.04,58.0
05/31/18,23:00,47.699,1.97,1.07,58.0
05/31/18,23:30,44.104,2.73,1.08,59.1
06/01/18,00:00,128.302,2.78,0.79,59.1
06/01/18,00:30,48.593,2.78,0.78,58.0
06/01/18,01:00,55.356,2.85,0.79,56.9
06/01/18,01:30,46.526,2.78,0.74,58.0
06/01/18,02:00,52.472,2.82,0.76,58.0
06/01/18,02:30,48.309,2.79,0.65,56.9
06/01/18,03:00,56.057,2.80,0.71,58.0
06/01/18,03:30,45.627,2.86,0.75,56.9
06/01/18,04:00,54.055,2.82,0.76,55.8
06/01/18,04:30,55.538,2.79,0.74,58.0
06/01/18,05:00,47.22,2.83,0.76,56.9
06/01/18,05:30,58.48,2.83,0.74,56.9
06/01/18,06:00,64.957,2.78,0.66,58.0
06/01/18,06:30,56.167,2.81,0.66,58.0
06/01/18,07:00,63.155,2.83,0.78,56.9
06/01/18,07:30,57.722,2.85,0.76,58.0
06/01/18,08:00,46.479,2.67,0.75,56.9
06/01/18,08:30,53.183,2.77,0.75,58.0
06/01/18,09:00,46.776,2.84,0.71,56.4
06/01/18,09:30,47.039,0.72,0.75,56.9
06/01/18,10:00,47.699,0.75,0.76,58.0
06/01/18,10:30,48.591,0.70,1.06,58.0
06/01/18,11:00,49.222,0.69,1.08,56.9
06/01/18,11:30,41.099,2.77,1.08,56.9
06/01/18,12:00,46.115,2.82,1.07,57.5
06/01/18,12:30,44.882,2.75,1.07,57.5
06/01/18,13:00,47.878,2.79,1.06,58.0
06/01/18,13:30,41.183,2.73,1.07,59.1
06/01/18,14:00,42.161,2.73,1.05,58.0
06/01/18,14:30,48.509,2.77,1.08,58.5
06/01/18,15:00,46.736,2.77,1.07,59.1
06/01/18,15:30,46.617,2.78,1.07,59.1
06/01/18,16:00,46.143,2.69,1.09,58.0
06/01/18,16:30,60.097,2.77,1.10,58.0
06/01/18,17:00,42.313,2.77,1.07,58.5
06/01/18,17:30,52.749,2.70,1.05,59.6
06/01/18,18:00,46.318,2.75,1.02,56.9
06/01/18,18:30,43.744,2.60,1.09,58.5
06/01/18,19:00,41.015,2.58,1.09,58.0
06/01/18,19:30,78.844,2.55,1.10,59.1
06/01/18,20:00,46.606,2.57,1.08,60.1
06/01/18,20:30,46.193,2.59,1.07,59.6
06/01/18,21:00,40.602,2.60,1.09,59.1
06/01/18,21:30,277.503,1.22,0.99,56.9
06/01/18,22:00,279.356,1.74,0.93,58.0
06/01/18,22:30,244.895,2.02,0.93,58.0
06/01/18,23:00,61.212,1.78,0.94,59.1
06/01/18,23:30,73.099,1.89,0.99,58.0
06/02/18,00:00,115.77,2.02,0.99,57.5
06/02/18,00:30,46.134,2.40,1.09,58.0
06/02/18,01:00,55.137,2.86,0.73,58.5
06/02/18,01:30,47.395,2.84,0.70,58.5
06/02/18,02:00,67.3,2.82,0.73,58.0
06/02/18,02:30,39.698,2.75,1.07,58.0
06/02/18,03:00,47.934,2.73,1.04,59.1
06/02/18,03:30,40.752,2.73,1.06,59.1
06/02/18,04:00,47.577,2.75,0.89,60.1
06/02/18,04:30,67.813,2.85,0.42,58.0
06/02/18,05:00,46.001,2.82,0.71,58.0
06/02/18,05:30,47.264,2.79,0.77,58.0
06/02/18,06:00,67.67,2.78,0.76,59.1
06/02/18,06:30,54.457,2.84,0.76,59.1
06/02/18,07:00,46.124,2.82,0.79,56.9
06/02/18,07:30,68.134,2.82,0.79,58.0
06/02/18,08:00,94.15,2.16,0.73,56.9
06/02/18,08:30,56.187,2.82,0.80,57.5
06/02/18,09:00,60.694,0.81,0.78,54.8
06/02/18,09:30,203.647,0.66,0.64,58.0
06/02/18,10:00,180.932,2.39,0.67,59.6
06/02/18,10:30,56.148,2.84,0.79,56.9
06/02/18,11:00,59.248,2.84,0.79,58.0
06/02/18,11:30,55.83,2.85,0.79,56.9
06/02/18,12:00,54.434,2.81,0.79,58.0
06/02/18,12:30,53.29,2.85,0.76,56.9
06/02/18,13:00,56.186,2.83,0.76,58.5
06/02/18,13:30,57.039,2.47,0.74,58.0
06/02/18,14:00,67.701,2.37,0.79,58.0
06/02/18,14:30,47.099,2.47,0.80,58.0
06/02/18,15:00,41.944,2.76,1.03,59.1
06/02/18,15:30,47.525,2.79,1.07,59.1
06/02/18,16:00,47.483,2.79,1.07,60.1
06/02/18,16:30,46.599,2.79,0.90,58.0
06/02/18,17:00,46.345,2.79,1.08,58.5
06/02/18,17:30,48.863,2.77,1.08,58.5
06/02/18,19:30,47.879,0.67,1.07,55.3
06/02/18,20:00,53.424,2.76,1.07,55.8
06/02/18,20:30,47.754,2.80,1.06,56.4
06/02/18,21:00,47.082,2.78,1.06,55.8
06/02/18,21:30,46.747,2.75,1.04,56.9
06/02/18,22:00,46.203,2.68,1.03,58.0
06/02/18,22:30,39.584,2.71,1.07,58.0
06/02/18,23:00,39.511,2.77,1.04,57.5
06/02/18,23:30,48.383,2.75,1.08,56.9
06/03/18,00:00,45.837,2.75,1.07,57.5
06/03/18,00:30,46.289,2.78,1.06,56.9
06/03/18,01:00,47.309,2.78,0.89,56.4
06/03/18,01:30,58.592,2.78,1.10,55.3
06/03/18,02:00,39.436,2.75,1.09,55.8
06/03/18,02:30,46.134,2.78,1.08,56.4
06/03/18,03:00,40.568,2.81,1.09,56.4
06/03/18,03:30,51.281,2.78,1.09,55.8
06/03/18,04:00,41.04,2.79,1.08,56.4
06/03/18,04:30,49.424,2.78,1.08,55.8
06/03/18,05:30,53.632,2.85,0.62,54.8
06/03/18,06:00,64.502,2.83,0.75,55.8
06/03/18,06:30,45.231,2.84,0.75,56.9
06/03/18,07:00,45.018,2.65,0.75,56.4
06/03/18,07:30,45.315,2.84,0.74,55.8
06/03/18,08:00,40.339,2.78,0.64,56.9
06/03/18,08:30,46.539,2.77,1.08,56.9
06/03/18,09:00,46.894,2.40,1.03,56.9
06/03/18,09:30,47.376,2.64,1.06,56.9
06/03/18,10:00,47.355,2.76,1.08,58.0
06/03/18,10:30,47.944,2.59,1.06,47.2
06/03/18,11:00,40.77,2.76,1.00,56.9
06/03/18,11:30,39.664,1.82,0.88,58.0
06/03/18,12:00,47.562,2.74,1.05,58.0
06/03/18,12:30,48.006,2.80,1.08,56.9
06/03/18,13:00,47.918,2.76,1.08,59.1
06/03/18,13:30,48.898,2.75,1.09,59.1
06/03/18,14:00,48.866,2.79,1.07,59.6
06/03/18,14:30,49.053,2.73,1.04,59.1
06/03/18,15:00,46.008,2.78,1.04,60.1
06/03/18,15:30,47.973,2.74,1.06,60.1
06/03/18,16:00,60.013,2.44,1.09,58.5
06/03/18,16:30,39.575,2.20,1.04,59.1
06/03/18,17:00,40.987,2.37,1.01,58.0
06/03/18,17:30,46.734,2.53,1.06,58.0
06/03/18,18:00,47.399,2.58,1.05,60.1
06/03/18,18:30,55.01,2.63,1.08,59.6
06/03/18,19:00,49.177,0.54,1.04,59.1
06/03/18,19:30,40.916,2.58,1.04,60.1
06/03/18,20:00,40.295,2.63,1.09,60.7
06/03/18,20:30,47.058,2.60,1.08,60.7
06/03/18,21:00,48.085,0.66,1.08,60.1
06/03/18,21:30,52.423,0.62,1.06,61.8
06/03/18,22:00,47.652,2.54,1.07,61.2
06/03/18,22:30,42.065,2.56,1.06,60.1
06/03/18,23:00,50.744,2.50,1.03,60.7
06/03/18,23:30,58.871,2.87,0.76,59.6
06/04/18,00:00,54.706,2.83,0.79,60.1
06/04/18,00:30,46.753,2.78,0.72,60.1
06/04/18,01:00,46.907,2.84,0.76,60.1
06/04/18,01:30,49.101,2.83,0.79,59.6
06/04/18,02:00,46.354,2.83,0.76,60.7
06/04/18,02:30,48.706,2.81,0.76,61.2
06/04/18,03:00,57.055,2.81,0.79,60.7
06/04/18,03:30,47.353,2.80,0.78,60.1
06/04/18,04:00,47.503,2.84,0.76,60.1
06/04/18,04:30,47.476,2.83,0.79,58.0
06/04/18,05:00,46.642,2.85,0.78,58.5
06/04/18,05:30,46.673,2.83,0.80,58.0
06/04/18,06:00,65.302,2.81,0.79,59.6
06/04/18,06:30,46.802,2.85,0.77,60.1
06/04/18,07:00,46.684,2.71,0.77,59.1
06/04/18,07:30,47.019,2.84,0.78,58.0
06/04/18,08:00,46.681,2.84,0.78,58.5
06/04/18,08:30,49.148,2.86,0.78,59.1
06/04/18,09:00,57.978,2.82,0.78,58.5
06/04/18,09:30,56.597,0.76,0.59,59.1
06/04/18,10:00,56.606,0.75,0.79,58.0
06/04/18,10:30,49.251,0.76,0.77,58.0
06/04/18,11:00,47.323,0.80,0.77,59.6
06/04/18,11:30,47.679,2.84,0.79,59.6
06/04/18,12:00,57.251,2.83,0.78,59.1
06/04/18,12:30,67.201,2.75,0.78,59.6
06/04/18,13:00,54.082,2.86,0.77,59.1
06/04/18,13:30,55.613,2.81,0.80,59.1
06/04/18,14:00,54.308,2.84,0.78,60.1
06/04/18,14:30,46.712,2.78,0.79,60.1
06/04/18,15:00,46.796,2.83,0.77,60.7
06/04/18,15:30,47.729,2.87,0.77,60.7
06/04/18,16:00,47.774,2.78,0.79,60.1
06/04/18,16:30,54.87,2.85,0.79,60.1
06/04/18,17:00,56.166,2.83,0.76,60.7
06/04/18,17:30,47.282,2.81,0.73,60.1
06/04/18,18:00,46.61,2.83,0.75,59.6
06/04/18,18:30,47.281,2.80,0.79,60.1
06/04/18,19:00,46.583,2.84,0.78,60.1
06/04/18,19:30,54.644,2.83,0.78,60.1
06/04/18,20:00,54.399,2.82,0.72,60.7
06/04/18,20:30,47.816,2.86,0.77,59.1
06/04/18,21:00,40.815,0.66,1.10,60.1
06/04/18,21:30,49.759,0.64,1.08,59.6
06/04/18,22:00,48.85,0.50,0.90,60.1
06/04/18,22:30,49.651,0.65,1.07,60.1
06/04/18,23:00,48.949,0.64,1.06,59.6
06/04/18,23:30,41.654,0.61,1.06,59.1
06/05/18,00:00,59.69,2.72,1.08,59.1
06/05/18,00:30,47.19,2.82,1.06,60.7
06/05/18,01:00,46.606,2.77,1.06,60.1
06/05/18,01:30,47.771,2.75,1.09,60.1
06/05/18,02:00,47.821,2.74,1.09,59.6
06/05/18,02:30,41.227,2.70,0.73,60.7
06/05/18,03:00,40.429,2.71,1.04,60.1
06/05/18,03:30,45.857,2.75,1.08,59.6
06/05/18,04:00,47.662,2.75,1.08,58.5
06/05/18,04:30,40.337,2.54,1.06,60.1
06/05/18,05:00,49.352,2.76,1.07,60.1
06/05/18,05:30,43.151,2.74,1.04,60.7
06/05/18,06:00,81.37,2.71,1.07,60.1
06/05/18,06:30,47.315,2.79,1.06,60.7
06/05/18,07:00,45.762,2.72,1.08,58.5
06/05/18,07:30,47.251,2.76,1.08,59.6
06/05/18,08:00,47.126,2.75,1.06,59.1
06/05/18,08:30,41.778,2.73,1.05,60.1
06/05/18,09:00,40.428,2.77,1.07,59.1
06/05/18,09:30,42.143,0.68,1.07,58.5
06/05/18,10:00,41.059,0.69,1.08,60.1
06/05/18,10:30,47.984,0.68,1.07,60.7
06/05/18,11:00,47.616,0.70,1.09,59.6
06/05/18,11:30,48.709,2.76,1.07,59.1
06/05/18,12:00,46.714,2.75,1.07,59.1
06/05/18,12:30,43.148,2.77,1.09,59.6
06/05/18,13:00,47.625,2.76,1.08,59.6
06/05/18,13:30,47.629,2.76,1.08,59.6
06/05/18,14:00,48.173,2.75,1.07,60.1
06/05/18,14:30,47.681,2.76,1.07,60.1
06/05/18,15:00,48.28,2.56,1.05,60.7
06/05/18,15:30,41.214,2.79,1.08,60.1
06/05/18,16:00,47.319,2.72,0.83,60.1
06/05/18,16:30,40.823,2.77,1.01,59.1
06/05/18,17:00,40.531,2.75,1.07,59.1
06/05/18,17:30,41.052,2.78,1.06,59.6
06/05/18,18:00,40.064,2.75,1.07,60.1
06/05/18,18:30,41.325,2.67,1.05,59.1
06/05/18,19:00,46.718,2.75,1.06,58.0
06/05/18,19:30,46.729,2.74,1.08,58.5
06/05/18,20:00,46.782,2.77,1.10,59.1
06/05/18,20:30,48.809,0.68,1.10,60.1
06/05/18,21:00,45.177,2.75,1.07,59.6
06/05/18,21:30,49.001,0.59,1.06,58.0
06/05/18,22:00,40.766,2.68,1.07,58.5
06/05/18,22:30,41.797,2.76,1.06,58.0
06/05/18,23:00,41.395,2.75,1.08,59.1
06/05/18,23:30,41.75,2.79,1.05,60.1
06/06/18,00:00,48.405,2.78,1.02,59.6
06/06/18,00:30,48.006,2.80,1.07,60.1
06/06/18,01:00,46.481,2.80,1.08,59.1
06/06/18,01:30,42.004,2.78,1.06,60.1
06/06/18,02:00,41.225,2.76,1.08,60.7
06/06/18,02:30,40.111,2.79,1.09,59.1
06/06/18,03:00,48.553,2.78,1.09,59.1
06/06/18,03:30,41.054,2.76,1.08,60.1
06/06/18,04:00,40.079,2.68,1.07,60.1
06/06/18,04:30,40.315,2.79,1.08,59.6
06/06/18,05:00,40.043,2.77,1.08,59.1
06/06/18,05:30,41.218,2.73,1.07,60.1
06/06/18,06:00,45.046,2.71,0.95,60.1
06/06/18,06:30,47.216,2.78,1.05,58.5
06/06/18,07:00,47.302,2.77,1.09,58.5
06/06/18,07:30,41.716,2.74,1.06,58.0
06/06/18,08:00,45.541,2.78,1.10,59.1
06/06/18,08:30,47.357,2.75,1.10,58.0
06/06/18,09:00,46.604,2.76,1.07,58.5
06/06/18,09:30,41.983,0.70,1.05,58.5
06/06/18,10:00,40.314,0.70,1.06,60.1
06/06/18,10:30,48.758,0.70,1.05,58.0
06/06/18,11:00,46.814,0.71,1.10,58.5
06/06/18,11:30,48.388,2.78,1.07,58.0
06/06/18,12:00,45.12,2.77,1.08,59.1
06/06/18,12:30,46.21,2.76,1.07,59.6
06/06/18,13:00,46.324,2.63,1.08,59.1
06/06/18,13:30,42.413,2.78,1.09,60.1
06/06/18,14:00,46.272,2.77,1.08,58.5
06/06/18,14:30,42.121,2.77,1.07,59.6
06/06/18,15:00,40.976,2.78,1.04,59.1
06/06/18,15:30,40.832,2.78,1.08,60.1
06/06/18,16:00,45.74,2.79,1.09,59.1
06/06/18,16:30,48.277,2.76,1.09,59.1
06/06/18,17:00,47.745,2.77,1.04,59.6
06/06/18,17:30,49.341,2.74,1.07,59.6
06/06/18,18:00,46.24,2.76,1.07,58.0
06/06/18,18:30,45.815,2.74,1.07,60.7
06/06/18,19:00,48.744,0.72,1.06,60.7
06/06/18,19:30,51.209,0.63,0.99,60.1
06/06/18,20:00,65.927,0.62,1.07,59.1
06/06/18,20:30,49.872,0.62,1.08,59.1
06/06/18,21:00,57.595,2.33,1.06,60.1
06/06/18,21:30,40.962,2.29,1.08,59.1
06/06/18,22:00,40.969,2.26,1.08,60.7
06/06/18,22:30,48.629,2.31,1.06,59.1
06/06/18,23:00,47.332,2.53,1.08,59.1
06/06/18,23:30,54.319,2.83,0.73,60.7
06/07/18,00:00,54.265,2.80,0.75,58.5
06/07/18,00:30,48.554,2.82,0.77,59.1
06/07/18,01:00,47.54,2.83,0.79,60.1
06/07/18,01:30,47.329,2.83,0.75,59.6
06/07/18,02:00,47.999,2.78,0.76,59.1
06/07/18,02:30,49.883,2.81,0.77,60.1
06/07/18,03:00,58.071,2.85,0.74,59.1
06/07/18,03:30,47.866,2.82,0.74,59.1
06/07/18,04:00,49.143,2.83,0.48,60.1
06/07/18,04:30,48.207,2.82,0.74,59.6
06/07/18,05:00,47.973,2.81,0.77,60.1
06/07/18,05:30,48.321,2.81,0.76,60.1
06/07/18,06:00,54.368,2.32,0.78,59.6
